intake_id,parcel_id,sender_name,recipient_name,weight_kg,service_type,distance_km,status,shipping_fee
INT-0001,TH00001,ทองดี วงศ์เสวต,ทองดี จงสวัสดิ์,3.74,แช่เย็น (Cold Chain),26.5,รับแล้ว,53.7
INT-0002,TH00002,ทองดี อัศวรุ่งเรืองกิจ,พิไล ตาคลี,0.93,ธรรมดา,58.9,รับแล้ว,55.0
INT-0003,TH00003,พิไล วงศ์เสวต,มุนินทร์ บุญพูลทรัพย์ ,10.67,ด่วนพิเศษ (Express),55.9,รับแล้ว,120.36
INT-0004,TH00004,พิไล จงสวัสดิ์,มุนินทร์ บุญพูลทรัพย์ ,5.43,ธรรมดา,54.6,รับแล้ว,78.44
INT-0005,TH00005,มุตตา วงศ์เสวต,เรณู วงศ์เสวต,12.79,แช่เย็น (Cold Chain),66.9,รับแล้ว,137.32
INT-0006,TH00006,เรยา บุญพูลทรัพย์ ,พิไล วงศ์เสวต,1.64,ด่วนพิเศษ (Express),207.5,รับแล้ว,78.2
INT-0007,TH00007,พิไล จงสวัสดิ์,มุนินทร์ บุญพูลทรัพย์ ,1.16,ธรรมดา,193.5,รับแล้ว,75.8
INT-0008,TH00008,เรยา จงสวัสดิ์,เรณู จงสวัสดิ์,9.72,ด่วนพิเศษ (Express),41.5,รับแล้ว,97.76
INT-0009,TH00009,มุตตา จงสวัสดิ์,มุตตา บุญพูลทรัพย์ ,1.54,แช่เย็น (Cold Chain),43.6,รับแล้ว,42.7
INT-0010,TH00010,ทองดี จงสวัสดิ์,เรณู ตาคลี,14.85,แช่เย็น (Cold Chain),172.4,รับแล้ว,173.8
INT-0011,TH00011,มุนินทร์ บุญพูลทรัพย์ ,เรยา จงสวัสดิ์,12.17,ด่วนพิเศษ (Express),67.7,รับแล้ว,132.36
INT-0012,TH00012,มุนินทร์ อัศวรุ่งเรืองกิจ,มุนินทร์ บุญพูลทรัพย์ ,6.24,แช่เย็น (Cold Chain),115.3,รับแล้ว,84.92
INT-0013,TH00013,มุตตา จงสวัสดิ์,ทองดี อัศวรุ่งเรืองกิจ,4.31,แช่เย็น (Cold Chain),107.7,รับแล้ว,71.55
INT-0014,TH00014,พิไล ตาคลี,มุนินทร์ จงสวัสดิ์,7.66,ธรรมดา,215.4,รับแล้ว,116.28
INT-0015,TH00015,มุนินทร์ บุญพูลทรัพย์ ,ทองดี ตาคลี,1.42,ด่วนพิเศษ (Express),149.4,รับแล้ว,57.1
INT-0016,TH00016,เรณู อัศวรุ่งเรืองกิจ,พิไล วงศ์เสวต,10.38,แช่เย็น (Cold Chain),188.0,รับแล้ว,138.04
INT-0017,TH00017,ทองดี จงสวัสดิ์,มุตตา ตาคลี,7.08,แช่เย็น (Cold Chain),219.1,รับแล้ว,111.64
INT-0018,TH00018,มุตตา อัศวรุ่งเรืองกิจ,พิไล วงศ์เสวต,4.83,แช่เย็น (Cold Chain),127.4,รับแล้ว,74.15
INT-0019,TH00019,มุนินทร์ จงสวัสดิ์,มุนินทร์ อัศวรุ่งเรืองกิจ,13.82,แช่เย็น (Cold Chain),81.7,รับแล้ว,145.56
INT-0020,TH00020,เรยา วงศ์เสวต,มุตตา จงสวัสดิ์,3.99,แช่เย็น (Cold Chain),236.8,รับแล้ว,89.95
INT-0021,TH00021,เรยา บุญพูลทรัพย์ ,เรยา อัศวรุ่งเรืองกิจ,2.36,ด่วนพิเศษ (Express),236.8,รับแล้ว,81.8
INT-0022,TH00022,มุนินทร์ จงสวัสดิ์,พิไล ตาคลี,13.97,แช่เย็น (Cold Chain),172.8,รับแล้ว,166.76
INT-0023,TH00023,ทองดี จงสวัสดิ์,ทองดี บุญพูลทรัพย์ ,6.85,แช่เย็น (Cold Chain),113.4,รับแล้ว,89.8
INT-0024,TH00024,มุนินทร์ จงสวัสดิ์,มุตตา วงศ์เสวต,8.53,แช่เย็น (Cold Chain),55.8,รับแล้ว,103.24
INT-0025,TH00025,เรยา บุญพูลทรัพย์ ,เรยา จงสวัสดิ์,13.63,ด่วนพิเศษ (Express),18.6,รับแล้ว,129.04
INT-0026,TH00026,มุนินทร์ จงสวัสดิ์,เรณู จงสวัสดิ์,2.42,แช่เย็น (Cold Chain),144.5,รับแล้ว,62.1
INT-0027,TH00027,มุนินทร์ ตาคลี,มุนินทร์ วงศ์เสวต,10.06,ด่วนพิเศษ (Express),106.5,รับแล้ว,115.48
INT-0028,TH00028,เรณู บุญพูลทรัพย์ ,ทองดี บุญพูลทรัพย์ ,1.93,ด่วนพิเศษ (Express),182.3,รับแล้ว,79.65
INT-0029,TH00029,เรยา จงสวัสดิ์,มุนินทร์ อัศวรุ่งเรืองกิจ,2.53,ธรรมดา,70.4,รับแล้ว,62.65
INT-0030,TH00030,มุนินทร์ วงศ์เสวต,พิไล วงศ์เสวต,9.96,แช่เย็น (Cold Chain),209.2,รับแล้ว,134.68
INT-0031,TH00031,เรยา จงสวัสดิ์,เรณู ตาคลี,3.6,ด่วนพิเศษ (Express),225.7,รับแล้ว,88.0
INT-0032,TH00032,มุนินทร์ ตาคลี,เรณู จงสวัสดิ์,4.64,แช่เย็น (Cold Chain),239.4,รับแล้ว,93.2
INT-0033,TH00033,พิไล บุญพูลทรัพย์ ,มุนินทร์ จงสวัสดิ์,3.66,ธรรมดา,145.2,รับแล้ว,68.3
INT-0034,TH00034,พิไล วงศ์เสวต,เรยา วงศ์เสวต,7.41,แช่เย็น (Cold Chain),40.2,รับแล้ว,79.28
INT-0035,TH00035,พิไล วงศ์เสวต,เรยา อัศวรุ่งเรืองกิจ,10.29,ธรรมดา,101.5,รับแล้ว,117.32
INT-0036,TH00036,พิไล จงสวัสดิ์,พิไล วงศ์เสวต,1.69,แช่เย็น (Cold Chain),146.3,รับแล้ว,58.45
INT-0037,TH00037,พิไล จงสวัสดิ์,มุนินทร์ บุญพูลทรัพย์ ,3.96,ด่วนพิเศษ (Express),33.6,รับแล้ว,54.8
INT-0038,TH00038,ทองดี จงสวัสดิ์,มุตตา วงศ์เสวต,7.15,แช่เย็น (Cold Chain),249.0,รับแล้ว,112.2
INT-0039,TH00039,เรยา อัศวรุ่งเรืองกิจ,พิไล จงสวัสดิ์,14.03,ธรรมดา,219.9,รับแล้ว,167.24
INT-0040,TH00040,มุตตา จงสวัสดิ์,เรณู อัศวรุ่งเรืองกิจ,9.37,แช่เย็น (Cold Chain),132.7,รับแล้ว,109.96
INT-0041,TH00041,ทองดี อัศวรุ่งเรืองกิจ,ทองดี วงศ์เสวต,4.33,ธรรมดา,185.9,รับแล้ว,91.65
INT-0042,TH00042,มุนินทร์ จงสวัสดิ์,พิไล จงสวัสดิ์,3.45,แช่เย็น (Cold Chain),213.4,รับแล้ว,87.25
INT-0043,TH00043,พิไล ตาคลี,เรยา วงศ์เสวต,6.64,ด่วนพิเศษ (Express),12.0,รับแล้ว,63.12
INT-0044,TH00044,มุตตา จงสวัสดิ์,มุตตา จงสวัสดิ์,8.5,ด่วนพิเศษ (Express),140.7,รับแล้ว,103.0
INT-0045,TH00045,เรยา วงศ์เสวต,พิไล วงศ์เสวต,8.95,ธรรมดา,108.0,รับแล้ว,106.6
INT-0046,TH00046,เรยา จงสวัสดิ์,เรยา จงสวัสดิ์,10.39,แช่เย็น (Cold Chain),26.6,รับแล้ว,103.12
INT-0047,TH00047,พิไล ตาคลี,ทองดี จงสวัสดิ์,13.04,ธรรมดา,220.5,รับแล้ว,159.32
INT-0048,TH00048,เรยา จงสวัสดิ์,เรณู บุญพูลทรัพย์ ,4.37,แช่เย็น (Cold Chain),27.9,รับแล้ว,56.85
INT-0049,TH00049,เรยา ตาคลี,มุนินทร์ ตาคลี,4.93,ธรรมดา,56.5,รับแล้ว,74.65
INT-0050,TH00050,ทองดี จงสวัสดิ์,มุตตา จงสวัสดิ์,14.52,ด่วนพิเศษ (Express),88.4,รับแล้ว,151.16
INT-0051,TH00051,พิไล ตาคลี,มุตตา วงศ์เสวต,13.22,ด่วนพิเศษ (Express),45.5,รับแล้ว,125.76
INT-0052,TH00052,มุตตา วงศ์เสวต,พิไล ตาคลี,11.06,ด่วนพิเศษ (Express),109.7,รับแล้ว,123.48
INT-0053,TH00053,พิไล วงศ์เสวต,พิไล จงสวัสดิ์,1.14,ด่วนพิเศษ (Express),1.4,รับแล้ว,30.7
INT-0054,TH00054,พิไล บุญพูลทรัพย์ ,มุตตา ตาคลี,14.26,ด่วนพิเศษ (Express),156.2,รับแล้ว,169.08
INT-0055,TH00055,ทองดี วงศ์เสวต,พิไล จงสวัสดิ์,6.42,ด่วนพิเศษ (Express),174.6,รับแล้ว,106.36
INT-0056,TH00056,พิไล จงสวัสดิ์,เรณู บุญพูลทรัพย์ ,10.32,ธรรมดา,154.3,รับแล้ว,137.56
INT-0057,TH00057,มุตตา ตาคลี,เรยา จงสวัสดิ์,3.55,แช่เย็น (Cold Chain),152.1,รับแล้ว,87.75
INT-0058,TH00058,มุตตา ตาคลี,เรณู บุญพูลทรัพย์ ,7.91,แช่เย็น (Cold Chain),43.3,รับแล้ว,83.28
INT-0059,TH00059,เรยา จงสวัสดิ์,ทองดี บุญพูลทรัพย์ ,5.36,ธรรมดา,168.5,รับแล้ว,97.88
INT-0060,TH00060,มุนินทร์ จงสวัสดิ์,เรยา วงศ์เสวต,14.77,แช่เย็น (Cold Chain),212.6,รับแล้ว,173.16
INT-0061,TH00061,เรยา ตาคลี,ทองดี อัศวรุ่งเรืองกิจ,10.92,ด่วนพิเศษ (Express),124.1,รับแล้ว,122.36
INT-0062,TH00062,มุนินทร์ จงสวัสดิ์,ทองดี วงศ์เสวต,11.79,ธรรมดา,44.8,รับแล้ว,114.32
INT-0063,TH00063,ทองดี อัศวรุ่งเรืองกิจ,เรยา อัศวรุ่งเรืองกิจ,13.8,ธรรมดา,114.7,รับแล้ว,145.4
INT-0064,TH00064,เรณู บุญพูลทรัพย์ ,พิไล อัศวรุ่งเรืองกิจ,14.28,ด่วนพิเศษ (Express),153.6,รับแล้ว,169.24
INT-0065,TH00065,ทองดี อัศวรุ่งเรืองกิจ,พิไล ตาคลี,11.28,ด่วนพิเศษ (Express),113.1,รับแล้ว,125.24
INT-0066,TH00066,มุนินทร์ บุญพูลทรัพย์ ,พิไล ตาคลี,3.97,ด่วนพิเศษ (Express),20.3,รับแล้ว,54.85
INT-0067,TH00067,มุตตา จงสวัสดิ์,มุตตา จงสวัสดิ์,1.67,ธรรมดา,58.6,รับแล้ว,58.35
INT-0068,TH00068,ทองดี จงสวัสดิ์,เรยา ตาคลี,5.3,ด่วนพิเศษ (Express),104.5,รับแล้ว,77.4
INT-0069,TH00069,มุนินทร์ ตาคลี,พิไล บุญพูลทรัพย์ ,12.92,แช่เย็น (Cold Chain),95.7,รับแล้ว,138.36
INT-0070,TH00070,เรยา จงสวัสดิ์,เรณู ตาคลี,11.34,แช่เย็น (Cold Chain),200.2,รับแล้ว,145.72
INT-0071,TH00071,มุนินทร์ ตาคลี,มุตตา ตาคลี,0.92,ด่วนพิเศษ (Express),167.5,รับแล้ว,75.0
INT-0072,TH00072,เรณู บุญพูลทรัพย์ ,เรณู จงสวัสดิ์,8.24,ด่วนพิเศษ (Express),148.4,รับแล้ว,100.92
INT-0073,TH00073,ทองดี วงศ์เสวต,ทองดี ตาคลี,13.07,ธรรมดา,13.5,รับแล้ว,114.56
INT-0074,TH00074,เรณู จงสวัสดิ์,เรณู จงสวัสดิ์,11.54,ด่วนพิเศษ (Express),70.3,รับแล้ว,127.32
INT-0075,TH00075,เรณู จงสวัสดิ์,เรณู วงศ์เสวต,1.26,ด่วนพิเศษ (Express),56.8,รับแล้ว,56.3
INT-0076,TH00076,เรยา บุญพูลทรัพย์ ,เรยา จงสวัสดิ์,12.67,แช่เย็น (Cold Chain),38.9,รับแล้ว,121.36
INT-0077,TH00077,มุนินทร์ ตาคลี,เรยา อัศวรุ่งเรืองกิจ,7.24,ด่วนพิเศษ (Express),192.0,รับแล้ว,112.92
INT-0078,TH00078,มุนินทร์ อัศวรุ่งเรืองกิจ,ทองดี บุญพูลทรัพย์ ,11.78,ธรรมดา,241.2,รับแล้ว,149.24
INT-0079,TH00079,เรยา อัศวรุ่งเรืองกิจ,มุตตา อัศวรุ่งเรืองกิจ,6.25,แช่เย็น (Cold Chain),50.4,รับแล้ว,85.0
INT-0080,TH00080,พิไล บุญพูลทรัพย์ ,มุนินทร์ วงศ์เสวต,12.83,แช่เย็น (Cold Chain),201.6,รับแล้ว,157.64
INT-0081,TH00081,พิไล วงศ์เสวต,พิไล ตาคลี,5.87,แช่เย็น (Cold Chain),162.2,รับแล้ว,101.96
INT-0082,TH00082,เรยา ตาคลี,เรยา ตาคลี,9.72,ด่วนพิเศษ (Express),177.1,รับแล้ว,132.76
INT-0083,TH00083,เรณู จงสวัสดิ์,ทองดี จงสวัสดิ์,12.22,แช่เย็น (Cold Chain),193.9,รับแล้ว,152.76
INT-0084,TH00084,เรณู ตาคลี,มุตตา จงสวัสดิ์,12.55,ธรรมดา,70.5,รับแล้ว,135.4
INT-0085,TH00085,เรณู จงสวัสดิ์,พิไล อัศวรุ่งเรืองกิจ,6.0,ธรรมดา,124.1,รับแล้ว,83.0
INT-0086,TH00086,มุตตา จงสวัสดิ์,มุนินทร์ จงสวัสดิ์,5.43,แช่เย็น (Cold Chain),175.6,รับแล้ว,98.44
INT-0087,TH00087,มุตตา อัศวรุ่งเรืองกิจ,พิไล จงสวัสดิ์,4.0,ด่วนพิเศษ (Express),122.7,รับแล้ว,70.0
INT-0088,TH00088,มุนินทร์ บุญพูลทรัพย์ ,ทองดี บุญพูลทรัพย์ ,7.0,ธรรมดา,24.2,รับแล้ว,76.0
INT-0089,TH00089,มุนินทร์ ตาคลี,มุตตา บุญพูลทรัพย์ ,5.85,แช่เย็น (Cold Chain),133.2,รับแล้ว,81.8
INT-0090,TH00090,เรณู บุญพูลทรัพย์ ,มุตตา จงสวัสดิ์,4.43,ด่วนพิเศษ (Express),58.4,รับแล้ว,72.15
INT-0091,TH00091,ทองดี จงสวัสดิ์,เรยา บุญพูลทรัพย์ ,14.29,แช่เย็น (Cold Chain),47.1,รับแล้ว,134.32
INT-0092,TH00092,มุนินทร์ บุญพูลทรัพย์ ,มุตตา บุญพูลทรัพย์ ,14.66,แช่เย็น (Cold Chain),149.6,รับแล้ว,152.28
INT-0093,TH00093,เรยา จงสวัสดิ์,มุนินทร์ จงสวัสดิ์,4.88,แช่เย็น (Cold Chain),134.0,รับแล้ว,74.4
INT-0094,TH00094,มุตตา วงศ์เสวต,พิไล จงสวัสดิ์,9.75,ด่วนพิเศษ (Express),26.5,รับแล้ว,98.0
INT-0095,TH00095,เรยา อัศวรุ่งเรืองกิจ,เรณู ตาคลี,5.44,ธรรมดา,63.9,รับแล้ว,78.52
INT-0096,TH00096,เรณู วงศ์เสวต,เรณู ตาคลี,8.87,แช่เย็น (Cold Chain),14.3,รับแล้ว,80.96
INT-0097,TH00097,มุนินทร์ อัศวรุ่งเรืองกิจ,เรยา จงสวัสดิ์,8.59,ด่วนพิเศษ (Express),152.0,รับแล้ว,123.72
INT-0098,TH00098,พิไล จงสวัสดิ์,เรณู ตาคลี,4.81,แช่เย็น (Cold Chain),247.5,รับแล้ว,94.05
INT-0099,TH00099,มุตตา อัศวรุ่งเรืองกิจ,เรยา อัศวรุ่งเรืองกิจ,14.24,ธรรมดา,156.8,รับแล้ว,168.92
INT-0100,TH00100,มุตตา บุญพูลทรัพย์ ,มุนินทร์ จงสวัสดิ์,8.5,ธรรมดา,1.7,รับแล้ว,78.0
INT-0101,TH00101,เรณู บุญพูลทรัพย์ ,เรณู จงสวัสดิ์,3.86,แช่เย็น (Cold Chain),71.4,รับแล้ว,69.3
INT-0102,TH00102,เรณู วงศ์เสวต,มุตตา บุญพูลทรัพย์ ,10.09,ธรรมดา,106.9,รับแล้ว,115.72
INT-0103,TH00103,พิไล จงสวัสดิ์,มุนินทร์ จงสวัสดิ์,1.54,ธรรมดา,198.4,รับแล้ว,77.7
INT-0104,TH00104,พิไล บุญพูลทรัพย์ ,มุตตา ตาคลี,7.3,ด่วนพิเศษ (Express),175.2,รับแล้ว,113.4
INT-0105,TH00105,มุตตา อัศวรุ่งเรืองกิจ,เรณู ตาคลี,9.17,ด่วนพิเศษ (Express),183.9,รับแล้ว,128.36
INT-0106,TH00106,พิไล จงสวัสดิ์,เรยา จงสวัสดิ์,9.01,ธรรมดา,249.9,รับแล้ว,127.08
INT-0107,TH00107,ทองดี จงสวัสดิ์,เรยา จงสวัสดิ์,8.02,ด่วนพิเศษ (Express),229.1,รับแล้ว,119.16
INT-0108,TH00108,มุนินทร์ อัศวรุ่งเรืองกิจ,ทองดี ตาคลี,7.32,ด่วนพิเศษ (Express),84.0,รับแล้ว,93.56
INT-0109,TH00109,ทองดี วงศ์เสวต,มุตตา ตาคลี,4.68,ด่วนพิเศษ (Express),203.6,รับแล้ว,93.4
INT-0110,TH00110,พิไล วงศ์เสวต,เรยา จงสวัสดิ์,5.19,ด่วนพิเศษ (Express),216.4,รับแล้ว,96.52
INT-0111,TH00111,เรยา บุญพูลทรัพย์ ,เรณู ตาคลี,3.22,ด่วนพิเศษ (Express),156.0,รับแล้ว,86.1
INT-0112,TH00112,เรณู บุญพูลทรัพย์ ,เรยา จงสวัสดิ์,8.46,ด่วนพิเศษ (Express),110.1,รับแล้ว,102.68
INT-0113,TH00113,ทองดี ตาคลี,เรยา บุญพูลทรัพย์ ,12.09,แช่เย็น (Cold Chain),40.4,รับแล้ว,116.72
INT-0114,TH00114,พิไล วงศ์เสวต,เรณู วงศ์เสวต,14.89,ธรรมดา,115.9,รับแล้ว,154.12
INT-0115,TH00115,เรยา บุญพูลทรัพย์ ,เรณู บุญพูลทรัพย์ ,7.88,ด่วนพิเศษ (Express),104.5,รับแล้ว,98.04
INT-0116,TH00116,เรณู ตาคลี,เรณู อัศวรุ่งเรืองกิจ,6.06,แช่เย็น (Cold Chain),127.6,รับแล้ว,83.48
INT-0117,TH00117,มุนินทร์ วงศ์เสวต,เรณู จงสวัสดิ์,4.37,ธรรมดา,71.4,รับแล้ว,71.85
INT-0118,TH00118,มุตตา อัศวรุ่งเรืองกิจ,ทองดี ตาคลี,6.97,ด่วนพิเศษ (Express),86.9,รับแล้ว,90.76
INT-0119,TH00119,พิไล อัศวรุ่งเรืองกิจ,เรณู จงสวัสดิ์,14.72,ธรรมดา,143.4,รับแล้ว,152.76
INT-0120,TH00120,มุนินทร์ ตาคลี,มุตตา บุญพูลทรัพย์ ,10.73,ด่วนพิเศษ (Express),97.1,รับแล้ว,120.84
INT-0121,TH00121,ทองดี บุญพูลทรัพย์ ,เรณู วงศ์เสวต,7.78,แช่เย็น (Cold Chain),83.7,รับแล้ว,97.24
INT-0122,TH00122,เรยา ตาคลี,พิไล ตาคลี,10.98,ด่วนพิเศษ (Express),217.9,รับแล้ว,142.84
INT-0123,TH00123,มุนินทร์ วงศ์เสวต,มุตตา จงสวัสดิ์,10.54,แช่เย็น (Cold Chain),21.0,รับแล้ว,104.32
INT-0124,TH00124,มุตตา บุญพูลทรัพย์ ,เรณู จงสวัสดิ์,10.92,ด่วนพิเศษ (Express),218.2,รับแล้ว,142.36
INT-0125,TH00125,เรยา อัศวรุ่งเรืองกิจ,มุนินทร์ บุญพูลทรัพย์ ,14.96,แช่เย็น (Cold Chain),23.5,รับแล้ว,139.68
INT-0126,TH00126,เรยา บุญพูลทรัพย์ ,เรณู จงสวัสดิ์,13.6,ธรรมดา,81.8,รับแล้ว,143.8
INT-0127,TH00127,เรยา จงสวัสดิ์,มุตตา ตาคลี,4.04,ด่วนพิเศษ (Express),141.9,รับแล้ว,70.2
INT-0128,TH00128,มุนินทร์ จงสวัสดิ์,เรยา อัศวรุ่งเรืองกิจ,9.49,ธรรมดา,124.9,รับแล้ว,110.92
INT-0129,TH00129,พิไล จงสวัสดิ์,เรณู บุญพูลทรัพย์ ,7.16,แช่เย็น (Cold Chain),3.3,รับแล้ว,67.28
INT-0130,TH00130,เรณู จงสวัสดิ์,มุนินทร์ วงศ์เสวต,14.21,แช่เย็น (Cold Chain),75.5,รับแล้ว,148.68
INT-0131,TH00131,เรณู บุญพูลทรัพย์ ,เรณู จงสวัสดิ์,14.99,ด่วนพิเศษ (Express),27.6,รับแล้ว,139.92
INT-0132,TH00132,เรณู อัศวรุ่งเรืองกิจ,พิไล จงสวัสดิ์,0.82,แช่เย็น (Cold Chain),99.6,รับแล้ว,55.0
INT-0133,TH00133,เรยา อัศวรุ่งเรืองกิจ,พิไล บุญพูลทรัพย์ ,12.58,ด่วนพิเศษ (Express),194.2,รับแล้ว,155.64
INT-0134,TH00134,มุนินทร์ อัศวรุ่งเรืองกิจ,มุนินทร์ บุญพูลทรัพย์ ,9.5,แช่เย็น (Cold Chain),189.1,รับแล้ว,131.0
INT-0135,TH00135,ทองดี บุญพูลทรัพย์ ,ทองดี วงศ์เสวต,9.87,ด่วนพิเศษ (Express),197.4,รับแล้ว,133.96
INT-0136,TH00136,เรยา อัศวรุ่งเรืองกิจ,ทองดี จงสวัสดิ์,13.69,ด่วนพิเศษ (Express),187.1,รับแล้ว,164.52
INT-0137,TH00137,มุนินทร์ จงสวัสดิ์,พิไล จงสวัสดิ์,7.78,ด่วนพิเศษ (Express),207.8,รับแล้ว,117.24
INT-0138,TH00138,มุตตา ตาคลี,ทองดี จงสวัสดิ์,7.29,ธรรมดา,36.0,รับแล้ว,78.32
INT-0139,TH00139,มุนินทร์ บุญพูลทรัพย์ ,พิไล จงสวัสดิ์,11.96,ธรรมดา,66.9,รับแล้ว,130.68
INT-0140,TH00140,เรยา ตาคลี,ทองดี บุญพูลทรัพย์ ,8.98,แช่เย็น (Cold Chain),235.1,รับแล้ว,126.84
INT-0141,TH00141,เรยา บุญพูลทรัพย์ ,เรณู วงศ์เสวต,13.32,แช่เย็น (Cold Chain),82.7,รับแล้ว,141.56
INT-0142,TH00142,พิไล จงสวัสดิ์,เรยา บุญพูลทรัพย์ ,13.69,ด่วนพิเศษ (Express),162.7,รับแล้ว,164.52
INT-0143,TH00143,เรยา จงสวัสดิ์,เรยา จงสวัสดิ์,2.18,ธรรมดา,221.9,รับแล้ว,80.9
INT-0144,TH00144,มุนินทร์ ตาคลี,มุตตา บุญพูลทรัพย์ ,6.58,แช่เย็น (Cold Chain),181.9,รับแล้ว,107.64
INT-0145,TH00145,เรณู บุญพูลทรัพย์ ,เรณู อัศวรุ่งเรืองกิจ,14.12,ด่วนพิเศษ (Express),9.1,รับแล้ว,122.96
INT-0146,TH00146,มุตตา จงสวัสดิ์,เรณู จงสวัสดิ์,1.94,แช่เย็น (Cold Chain),92.5,รับแล้ว,59.7
INT-0147,TH00147,ทองดี จงสวัสดิ์,เรณู จงสวัสดิ์,14.54,ด่วนพิเศษ (Express),23.8,รับแล้ว,136.32
INT-0148,TH00148,มุนินทร์ บุญพูลทรัพย์ ,พิไล วงศ์เสวต,11.91,ธรรมดา,247.2,รับแล้ว,150.28
INT-0149,TH00149,พิไล จงสวัสดิ์,พิไล จงสวัสดิ์,3.63,ธรรมดา,82.8,รับแล้ว,68.15
INT-0150,TH00150,มุนินทร์ อัศวรุ่งเรืองกิจ,มุตตา จงสวัสดิ์,8.33,ธรรมดา,28.4,รับแล้ว,86.64
INT-0151,TH00151,เรยา จงสวัสดิ์,มุตตา จงสวัสดิ์,5.19,ธรรมดา,67.1,รับแล้ว,76.52
INT-0152,TH00152,มุนินทร์ บุญพูลทรัพย์ ,พิไล วงศ์เสวต,7.41,ด่วนพิเศษ (Express),128.8,รับแล้ว,94.28
INT-0153,TH00153,เรยา ตาคลี,มุนินทร์ อัศวรุ่งเรืองกิจ,11.05,แช่เย็น (Cold Chain),130.8,รับแล้ว,123.4
INT-0154,TH00154,เรณู บุญพูลทรัพย์ ,เรยา ตาคลี,6.68,ธรรมดา,123.1,รับแล้ว,88.44
INT-0155,TH00155,เรณู วงศ์เสวต,มุตตา อัศวรุ่งเรืองกิจ,1.45,ด่วนพิเศษ (Express),156.5,รับแล้ว,77.25
INT-0156,TH00156,พิไล อัศวรุ่งเรืองกิจ,เรณู อัศวรุ่งเรืองกิจ,4.78,แช่เย็น (Cold Chain),151.8,รับแล้ว,93.9
INT-0157,TH00157,เรยา บุญพูลทรัพย์ ,ทองดี บุญพูลทรัพย์ ,10.95,ธรรมดา,108.1,รับแล้ว,122.6
INT-0158,TH00158,มุนินทร์ ตาคลี,เรณู ตาคลี,11.08,ด่วนพิเศษ (Express),107.3,รับแล้ว,123.64
INT-0159,TH00159,ทองดี จงสวัสดิ์,มุนินทร์ บุญพูลทรัพย์ ,1.47,ธรรมดา,24.2,รับแล้ว,42.35
INT-0160,TH00160,เรยา บุญพูลทรัพย์ ,มุนินทร์ อัศวรุ่งเรืองกิจ,9.0,แช่เย็น (Cold Chain),140.9,รับแล้ว,107.0
INT-0161,TH00161,ทองดี วงศ์เสวต,มุตตา บุญพูลทรัพย์ ,13.09,แช่เย็น (Cold Chain),13.8,รับแล้ว,114.72
INT-0162,TH00162,มุตตา อัศวรุ่งเรืองกิจ,มุตตา วงศ์เสวต,7.86,ธรรมดา,164.5,รับแล้ว,117.88
INT-0163,TH00163,มุนินทร์ วงศ์เสวต,พิไล จงสวัสดิ์,11.56,แช่เย็น (Cold Chain),57.3,รับแล้ว,127.48
INT-0164,TH00164,เรณู อัศวรุ่งเรืองกิจ,พิไล บุญพูลทรัพย์ ,8.57,แช่เย็น (Cold Chain),232.3,รับแล้ว,123.56
INT-0165,TH00165,ทองดี จงสวัสดิ์,มุนินทร์ จงสวัสดิ์,13.86,ด่วนพิเศษ (Express),2.5,รับแล้ว,120.88
INT-0166,TH00166,มุนินทร์ อัศวรุ่งเรืองกิจ,เรณู วงศ์เสวต,11.24,ธรรมดา,23.8,รับแล้ว,109.92
INT-0167,TH00167,พิไล จงสวัสดิ์,เรณู ตาคลี,2.78,ด่วนพิเศษ (Express),180.7,รับแล้ว,83.9
INT-0168,TH00168,พิไล อัศวรุ่งเรืองกิจ,เรยา จงสวัสดิ์,11.44,ธรรมดา,168.8,รับแล้ว,146.52
INT-0169,TH00169,มุตตา ตาคลี,เรณู ตาคลี,6.91,ด่วนพิเศษ (Express),54.7,รับแล้ว,90.28
INT-0170,TH00170,พิไล วงศ์เสวต,เรณู วงศ์เสวต,10.33,แช่เย็น (Cold Chain),122.2,รับแล้ว,117.64
INT-0171,TH00171,ทองดี จงสวัสดิ์,มุนินทร์ ตาคลี,1.29,ธรรมดา,76.1,รับแล้ว,56.45
INT-0172,TH00172,มุนินทร์ จงสวัสดิ์,มุตตา จงสวัสดิ์,0.61,แช่เย็น (Cold Chain),108.2,รับแล้ว,55.0
INT-0173,TH00173,มุนินทร์ ตาคลี,ทองดี จงสวัสดิ์,8.6,แช่เย็น (Cold Chain),201.7,รับแล้ว,123.8
INT-0174,TH00174,เรยา ตาคลี,เรณู วงศ์เสวต,13.86,ด่วนพิเศษ (Express),144.4,รับแล้ว,145.88
INT-0175,TH00175,พิไล ตาคลี,เรณู จงสวัสดิ์,6.37,ด่วนพิเศษ (Express),43.8,รับแล้ว,70.96
INT-0176,TH00176,พิไล ตาคลี,เรยา ตาคลี,4.03,แช่เย็น (Cold Chain),100.7,รับแล้ว,70.15
INT-0177,TH00177,เรยา ตาคลี,ทองดี จงสวัสดิ์,5.33,ธรรมดา,20.0,รับแล้ว,62.64
INT-0178,TH00178,ทองดี วงศ์เสวต,พิไล จงสวัสดิ์,5.59,แช่เย็น (Cold Chain),203.9,รับแล้ว,99.72
INT-0179,TH00179,มุนินทร์ วงศ์เสวต,มุตตา จงสวัสดิ์,9.23,แช่เย็น (Cold Chain),19.8,รับแล้ว,93.84
INT-0180,TH00180,ทองดี ตาคลี,พิไล อัศวรุ่งเรืองกิจ,10.38,แช่เย็น (Cold Chain),161.1,รับแล้ว,138.04
INT-0181,TH00181,พิไล จงสวัสดิ์,มุตตา จงสวัสดิ์,1.49,ด่วนพิเศษ (Express),158.2,รับแล้ว,77.45
INT-0182,TH00182,มุตตา อัศวรุ่งเรืองกิจ,มุตตา อัศวรุ่งเรืองกิจ,5.0,ด่วนพิเศษ (Express),10.4,รับแล้ว,50.0
INT-0183,TH00183,มุตตา จงสวัสดิ์,ทองดี วงศ์เสวต,9.11,ด่วนพิเศษ (Express),116.2,รับแล้ว,107.88
INT-0184,TH00184,พิไล บุญพูลทรัพย์ ,เรณู อัศวรุ่งเรืองกิจ,3.23,แช่เย็น (Cold Chain),119.4,รับแล้ว,66.15
INT-0185,TH00185,มุนินทร์ วงศ์เสวต,เรยา จงสวัสดิ์,7.82,ธรรมดา,10.7,รับแล้ว,72.56
INT-0186,TH00186,ทองดี ตาคลี,พิไล อัศวรุ่งเรืองกิจ,2.8,ด่วนพิเศษ (Express),229.6,รับแล้ว,84.0
INT-0187,TH00187,เรณู ตาคลี,ทองดี อัศวรุ่งเรืองกิจ,11.94,แช่เย็น (Cold Chain),84.3,รับแล้ว,130.52
INT-0188,TH00188,มุตตา วงศ์เสวต,ทองดี ตาคลี,4.15,แช่เย็น (Cold Chain),241.1,รับแล้ว,90.75
INT-0189,TH00189,พิไล จงสวัสดิ์,เรยา อัศวรุ่งเรืองกิจ,2.55,ด่วนพิเศษ (Express),78.2,รับแล้ว,62.75
INT-0190,TH00190,ทองดี บุญพูลทรัพย์ ,เรณู จงสวัสดิ์,10.78,ธรรมดา,78.1,รับแล้ว,121.24
INT-0191,TH00191,เรณู บุญพูลทรัพย์ ,มุนินทร์ บุญพูลทรัพย์ ,1.86,แช่เย็น (Cold Chain),106.4,รับแล้ว,59.3
INT-0192,TH00192,มุตตา วงศ์เสวต,มุตตา จงสวัสดิ์,5.46,ด่วนพิเศษ (Express),48.8,รับแล้ว,63.68
INT-0193,TH00193,มุนินทร์ จงสวัสดิ์,มุตตา วงศ์เสวต,11.68,แช่เย็น (Cold Chain),221.0,รับแล้ว,148.44
INT-0194,TH00194,เรยา บุญพูลทรัพย์ ,พิไล จงสวัสดิ์,5.96,ธรรมดา,46.0,รับแล้ว,67.68
INT-0195,TH00195,ทองดี อัศวรุ่งเรืองกิจ,ทองดี ตาคลี,6.46,แช่เย็น (Cold Chain),180.2,รับแล้ว,106.68
INT-0196,TH00196,เรณู อัศวรุ่งเรืองกิจ,ทองดี ตาคลี,8.24,ด่วนพิเศษ (Express),241.4,รับแล้ว,120.92
INT-0197,TH00197,เรณู จงสวัสดิ์,ทองดี อัศวรุ่งเรืองกิจ,7.19,ด่วนพิเศษ (Express),194.8,รับแล้ว,112.52
INT-0198,TH00198,พิไล อัศวรุ่งเรืองกิจ,มุนินทร์ จงสวัสดิ์,2.51,ด่วนพิเศษ (Express),14.0,รับแล้ว,37.55
INT-0199,TH00199,เรณู จงสวัสดิ์,เรยา บุญพูลทรัพย์ ,12.84,ด่วนพิเศษ (Express),21.9,รับแล้ว,122.72
INT-0200,TH00200,มุนินทร์ จงสวัสดิ์,พิไล จงสวัสดิ์,1.83,ธรรมดา,204.4,รับแล้ว,79.15
INT-0201,TH00201,มุตตา วงศ์เสวต,เรยา ตาคลี,5.92,ด่วนพิเศษ (Express),248.6,รับแล้ว,102.36
INT-0202,TH00202,มุตตา จงสวัสดิ์,มุตตา วงศ์เสวต,5.36,ธรรมดา,35.3,รับแล้ว,62.88
INT-0203,TH00203,มุตตา ตาคลี,ทองดี ตาคลี,9.42,ธรรมดา,5.7,รับแล้ว,85.36
INT-0204,TH00204,มุนินทร์ จงสวัสดิ์,ทองดี อัศวรุ่งเรืองกิจ,6.64,ด่วนพิเศษ (Express),60.2,รับแล้ว,88.12
INT-0205,TH00205,เรยา วงศ์เสวต,เรณู บุญพูลทรัพย์ ,7.13,ธรรมดา,209.3,รับแล้ว,112.04
INT-0206,TH00206,เรณู อัศวรุ่งเรืองกิจ,เรยา บุญพูลทรัพย์ ,8.84,แช่เย็น (Cold Chain),36.8,รับแล้ว,90.72
INT-0207,TH00207,เรณู วงศ์เสวต,มุตตา จงสวัสดิ์,6.54,แช่เย็น (Cold Chain),167.4,รับแล้ว,107.32
INT-0208,TH00208,พิไล จงสวัสดิ์,พิไล อัศวรุ่งเรืองกิจ,11.9,แช่เย็น (Cold Chain),139.0,รับแล้ว,130.2
INT-0209,TH00209,เรณู ตาคลี,ทองดี ตาคลี,4.18,ธรรมดา,89.9,รับแล้ว,70.9
INT-0210,TH00210,เรยา จงสวัสดิ์,ทองดี บุญพูลทรัพย์ ,2.0,แช่เย็น (Cold Chain),184.1,รับแล้ว,80.0
INT-0211,TH00211,มุตตา จงสวัสดิ์,มุตตา อัศวรุ่งเรืองกิจ,12.3,ธรรมดา,207.8,รับแล้ว,153.4
INT-0212,TH00212,ทองดี ตาคลี,ทองดี จงสวัสดิ์,1.41,ด่วนพิเศษ (Express),10.2,รับแล้ว,32.05
INT-0213,TH00213,มุนินทร์ วงศ์เสวต,เรยา จงสวัสดิ์,7.97,แช่เย็น (Cold Chain),118.9,รับแล้ว,98.76
INT-0214,TH00214,เรยา บุญพูลทรัพย์ ,มุตตา จงสวัสดิ์,13.05,ด่วนพิเศษ (Express),69.0,รับแล้ว,139.4
INT-0215,TH00215,มุตตา ตาคลี,ทองดี ตาคลี,5.42,ธรรมดา,124.6,รับแล้ว,78.36
INT-0216,TH00216,เรณู จงสวัสดิ์,มุตตา วงศ์เสวต,1.64,แช่เย็น (Cold Chain),248.8,รับแล้ว,78.2
INT-0217,TH00217,มุนินทร์ อัศวรุ่งเรืองกิจ,มุตตา วงศ์เสวต,5.25,ด่วนพิเศษ (Express),77.3,รับแล้ว,77.0
INT-0218,TH00218,พิไล บุญพูลทรัพย์ ,มุนินทร์ บุญพูลทรัพย์ ,5.6,ธรรมดา,182.0,รับแล้ว,99.8
INT-0219,TH00219,มุตตา อัศวรุ่งเรืองกิจ,มุตตา บุญพูลทรัพย์ ,1.59,แช่เย็น (Cold Chain),102.1,รับแล้ว,57.95
INT-0220,TH00220,พิไล บุญพูลทรัพย์ ,เรยา จงสวัสดิ์,10.33,ด่วนพิเศษ (Express),9.7,รับแล้ว,92.64
INT-0221,TH00221,เรยา จงสวัสดิ์,มุตตา จงสวัสดิ์,14.27,ธรรมดา,151.7,รับแล้ว,169.16
INT-0222,TH00222,ทองดี ตาคลี,มุตตา ตาคลี,8.82,แช่เย็น (Cold Chain),92.4,รับแล้ว,105.56
INT-0223,TH00223,มุตตา บุญพูลทรัพย์ ,มุนินทร์ วงศ์เสวต,11.17,ด่วนพิเศษ (Express),129.9,รับแล้ว,124.36
INT-0224,TH00224,พิไล วงศ์เสวต,มุตตา บุญพูลทรัพย์ ,3.61,แช่เย็น (Cold Chain),72.1,รับแล้ว,68.05
INT-0225,TH00225,เรณู จงสวัสดิ์,มุนินทร์ วงศ์เสวต,3.0,แช่เย็น (Cold Chain),111.8,รับแล้ว,65.0
INT-0226,TH00226,เรยา บุญพูลทรัพย์ ,ทองดี จงสวัสดิ์,8.47,ด่วนพิเศษ (Express),222.9,รับแล้ว,122.76
INT-0227,TH00227,มุนินทร์ บุญพูลทรัพย์ ,มุนินทร์ จงสวัสดิ์,3.75,ธรรมดา,198.2,รับแล้ว,88.75
INT-0228,TH00228,มุนินทร์ ตาคลี,มุตตา อัศวรุ่งเรืองกิจ,5.85,แช่เย็น (Cold Chain),33.3,รับแล้ว,66.8
INT-0229,TH00229,เรยา วงศ์เสวต,เรณู บุญพูลทรัพย์ ,8.12,ด่วนพิเศษ (Express),206.0,รับแล้ว,119.96
INT-0230,TH00230,เรยา จงสวัสดิ์,ทองดี วงศ์เสวต,7.25,แช่เย็น (Cold Chain),86.8,รับแล้ว,93.0
INT-0231,TH00231,พิไล บุญพูลทรัพย์ ,มุนินทร์ จงสวัสดิ์,7.79,ธรรมดา,208.0,รับแล้ว,117.32
INT-0232,TH00232,พิไล จงสวัสดิ์,มุนินทร์ จงสวัสดิ์,14.05,ธรรมดา,87.2,รับแล้ว,147.4
INT-0233,TH00233,พิไล จงสวัสดิ์,มุตตา จงสวัสดิ์,14.37,ด่วนพิเศษ (Express),32.2,รับแล้ว,134.96
INT-0234,TH00234,มุตตา อัศวรุ่งเรืองกิจ,เรยา อัศวรุ่งเรืองกิจ,2.95,แช่เย็น (Cold Chain),39.4,รับแล้ว,49.75
INT-0235,TH00235,ทองดี อัศวรุ่งเรืองกิจ,มุตตา อัศวรุ่งเรืองกิจ,12.47,ธรรมดา,21.2,รับแล้ว,119.76
INT-0236,TH00236,ทองดี อัศวรุ่งเรืองกิจ,ทองดี จงสวัสดิ์,6.54,แช่เย็น (Cold Chain),8.5,รับแล้ว,62.32
INT-0237,TH00237,ทองดี อัศวรุ่งเรืองกิจ,ทองดี จงสวัสดิ์,4.05,แช่เย็น (Cold Chain),102.1,รับแล้ว,70.25
INT-0238,TH00238,เรณู วงศ์เสวต,มุนินทร์ ตาคลี,7.52,ธรรมดา,85.7,รับแล้ว,95.16
INT-0239,TH00239,มุนินทร์ จงสวัสดิ์,ทองดี จงสวัสดิ์,2.4,ด่วนพิเศษ (Express),129.2,รับแล้ว,62.0
INT-0240,TH00240,เรยา จงสวัสดิ์,เรณู วงศ์เสวต,7.02,ธรรมดา,25.1,รับแล้ว,76.16
INT-0241,TH00241,มุตตา ตาคลี,เรณู จงสวัสดิ์,12.3,แช่เย็น (Cold Chain),180.6,รับแล้ว,153.4
INT-0242,TH00242,มุนินทร์ จงสวัสดิ์,พิไล ตาคลี,13.25,ด่วนพิเศษ (Express),6.8,รับแล้ว,116.0
INT-0243,TH00243,เรณู อัศวรุ่งเรืองกิจ,มุนินทร์ จงสวัสดิ์,5.62,ธรรมดา,71.1,รับแล้ว,79.96
INT-0244,TH00244,พิไล บุญพูลทรัพย์ ,มุตตา อัศวรุ่งเรืองกิจ,12.78,ด่วนพิเศษ (Express),34.3,รับแล้ว,122.24
INT-0245,TH00245,มุตตา บุญพูลทรัพย์ ,เรณู จงสวัสดิ์,6.31,แช่เย็น (Cold Chain),140.9,รับแล้ว,85.48
INT-0246,TH00246,มุตตา อัศวรุ่งเรืองกิจ,เรยา ตาคลี,7.03,แช่เย็น (Cold Chain),70.7,รับแล้ว,91.24
INT-0247,TH00247,พิไล บุญพูลทรัพย์ ,เรยา จงสวัสดิ์,6.21,ด่วนพิเศษ (Express),139.9,รับแล้ว,84.68
INT-0248,TH00248,มุตตา จงสวัสดิ์,พิไล อัศวรุ่งเรืองกิจ,7.75,ธรรมดา,10.7,รับแล้ว,72.0
INT-0249,TH00249,ทองดี จงสวัสดิ์,พิไล ตาคลี,9.29,แช่เย็น (Cold Chain),35.8,รับแล้ว,94.32
INT-0250,TH00250,พิไล จงสวัสดิ์,เรณู อัศวรุ่งเรืองกิจ,9.11,แช่เย็น (Cold Chain),207.2,รับแล้ว,127.88
INT-0251,TH00251,พิไล ตาคลี,มุตตา ตาคลี,5.84,แช่เย็น (Cold Chain),28.3,รับแล้ว,66.72
INT-0252,TH00252,เรณู อัศวรุ่งเรืองกิจ,ทองดี บุญพูลทรัพย์ ,0.89,ด่วนพิเศษ (Express),67.1,รับแล้ว,55.0
INT-0253,TH00253,ทองดี อัศวรุ่งเรืองกิจ,มุนินทร์ บุญพูลทรัพย์ ,8.96,ธรรมดา,131.5,รับแล้ว,106.68
INT-0254,TH00254,ทองดี อัศวรุ่งเรืองกิจ,มุนินทร์ บุญพูลทรัพย์ ,0.96,แช่เย็น (Cold Chain),28.4,รับแล้ว,40.0
INT-0255,TH00255,เรยา ตาคลี,เรณู จงสวัสดิ์,10.51,ด่วนพิเศษ (Express),126.0,รับแล้ว,119.08
INT-0256,TH00256,พิไล ตาคลี,ทองดี จงสวัสดิ์,3.51,ด่วนพิเศษ (Express),249.5,รับแล้ว,87.55
INT-0257,TH00257,เรณู อัศวรุ่งเรืองกิจ,มุตตา จงสวัสดิ์,13.73,ด่วนพิเศษ (Express),137.0,รับแล้ว,144.84
INT-0258,TH00258,ทองดี บุญพูลทรัพย์ ,ทองดี จงสวัสดิ์,7.52,ธรรมดา,70.5,รับแล้ว,95.16
INT-0259,TH00259,มุตตา จงสวัสดิ์,มุตตา บุญพูลทรัพย์ ,10.51,ด่วนพิเศษ (Express),79.9,รับแล้ว,119.08
INT-0260,TH00260,มุตตา อัศวรุ่งเรืองกิจ,มุตตา วงศ์เสวต,10.31,ด่วนพิเศษ (Express),224.0,รับแล้ว,137.48
INT-0261,TH00261,เรณู จงสวัสดิ์,มุตตา วงศ์เสวต,14.35,ธรรมดา,87.2,รับแล้ว,149.8
INT-0262,TH00262,เรณู บุญพูลทรัพย์ ,ทองดี ตาคลี,3.43,แช่เย็น (Cold Chain),68.5,รับแล้ว,67.15
INT-0263,TH00263,พิไล บุญพูลทรัพย์ ,มุนินทร์ วงศ์เสวต,11.24,ธรรมดา,61.4,รับแล้ว,124.92
INT-0264,TH00264,ทองดี อัศวรุ่งเรืองกิจ,ทองดี จงสวัสดิ์,1.95,ด่วนพิเศษ (Express),179.6,รับแล้ว,79.75
INT-0265,TH00265,เรยา บุญพูลทรัพย์ ,เรยา อัศวรุ่งเรืองกิจ,6.4,ด่วนพิเศษ (Express),119.9,รับแล้ว,86.2
INT-0266,TH00266,มุนินทร์ จงสวัสดิ์,มุตตา บุญพูลทรัพย์ ,13.67,ธรรมดา,163.4,รับแล้ว,164.36
INT-0267,TH00267,มุนินทร์ อัศวรุ่งเรืองกิจ,มุนินทร์ ตาคลี,14.04,ธรรมดา,249.3,รับแล้ว,167.32
INT-0268,TH00268,เรณู ตาคลี,ทองดี จงสวัสดิ์,0.63,แช่เย็น (Cold Chain),151.1,รับแล้ว,75.0
INT-0269,TH00269,มุตตา จงสวัสดิ์,ทองดี อัศวรุ่งเรืองกิจ,7.66,ธรรมดา,212.9,รับแล้ว,116.28
INT-0270,TH00270,เรณู จงสวัสดิ์,เรยา จงสวัสดิ์,11.1,แช่เย็น (Cold Chain),65.1,รับแล้ว,123.8
INT-0271,TH00271,มุนินทร์ วงศ์เสวต,มุตตา อัศวรุ่งเรืองกิจ,3.04,แช่เย็น (Cold Chain),224.4,รับแล้ว,85.2
INT-0272,TH00272,เรณู อัศวรุ่งเรืองกิจ,เรยา ตาคลี,1.88,ธรรมดา,119.9,รับแล้ว,59.4
INT-0273,TH00273,มุนินทร์ วงศ์เสวต,เรณู จงสวัสดิ์,11.43,ด่วนพิเศษ (Express),76.2,รับแล้ว,126.44
INT-0274,TH00274,ทองดี อัศวรุ่งเรืองกิจ,มุตตา บุญพูลทรัพย์ ,10.55,ธรรมดา,167.3,รับแล้ว,139.4
INT-0275,TH00275,เรณู จงสวัสดิ์,เรณู บุญพูลทรัพย์ ,13.89,แช่เย็น (Cold Chain),192.7,รับแล้ว,166.12
INT-0276,TH00276,ทองดี วงศ์เสวต,มุตตา จงสวัสดิ์,3.7,ธรรมดา,120.1,รับแล้ว,68.5
INT-0277,TH00277,เรณู บุญพูลทรัพย์ ,มุตตา ตาคลี,13.74,แช่เย็น (Cold Chain),200.7,รับแล้ว,164.92
INT-0278,TH00278,มุนินทร์ จงสวัสดิ์,เรยา อัศวรุ่งเรืองกิจ,8.16,ด่วนพิเศษ (Express),20.4,รับแล้ว,85.28
INT-0279,TH00279,พิไล วงศ์เสวต,พิไล อัศวรุ่งเรืองกิจ,8.8,ธรรมดา,42.0,รับแล้ว,90.4
INT-0280,TH00280,พิไล ตาคลี,ทองดี จงสวัสดิ์,7.59,แช่เย็น (Cold Chain),111.9,รับแล้ว,95.72
INT-0281,TH00281,เรยา ตาคลี,พิไล ตาคลี,8.68,แช่เย็น (Cold Chain),116.1,รับแล้ว,104.44
INT-0282,TH00282,มุตตา บุญพูลทรัพย์ ,เรณู จงสวัสดิ์,11.31,แช่เย็น (Cold Chain),19.2,รับแล้ว,110.48
INT-0283,TH00283,เรณู จงสวัสดิ์,พิไล วงศ์เสวต,14.8,ด่วนพิเศษ (Express),8.9,รับแล้ว,128.4
INT-0284,TH00284,เรณู จงสวัสดิ์,ทองดี บุญพูลทรัพย์ ,14.47,ด่วนพิเศษ (Express),248.2,รับแล้ว,170.76
INT-0285,TH00285,เรณู ตาคลี,เรณู วงศ์เสวต,13.18,ธรรมดา,163.7,รับแล้ว,160.44
INT-0286,TH00286,มุตตา วงศ์เสวต,พิไล ตาคลี,2.35,ธรรมดา,208.9,รับแล้ว,81.75
INT-0287,TH00287,เรยา จงสวัสดิ์,ทองดี บุญพูลทรัพย์ ,6.65,ด่วนพิเศษ (Express),206.0,รับแล้ว,108.2
INT-0288,TH00288,มุนินทร์ ตาคลี,มุนินทร์ จงสวัสดิ์,14.09,แช่เย็น (Cold Chain),191.6,รับแล้ว,167.72
INT-0289,TH00289,เรยา บุญพูลทรัพย์ ,พิไล วงศ์เสวต,3.49,ธรรมดา,148.9,รับแล้ว,67.45
INT-0290,TH00290,เรณู อัศวรุ่งเรืองกิจ,มุนินทร์ บุญพูลทรัพย์ ,6.33,ธรรมดา,135.4,รับแล้ว,85.64
INT-0291,TH00291,เรยา จงสวัสดิ์,มุตตา จงสวัสดิ์,5.12,แช่เย็น (Cold Chain),193.4,รับแล้ว,95.96
INT-0292,TH00292,มุตตา จงสวัสดิ์,มุนินทร์ บุญพูลทรัพย์ ,3.71,ด่วนพิเศษ (Express),69.5,รับแล้ว,68.55
INT-0293,TH00293,พิไล อัศวรุ่งเรืองกิจ,ทองดี บุญพูลทรัพย์ ,8.56,ธรรมดา,243.1,รับแล้ว,123.48
INT-0294,TH00294,ทองดี บุญพูลทรัพย์ ,พิไล จงสวัสดิ์,6.42,ด่วนพิเศษ (Express),94.7,รับแล้ว,86.36
INT-0295,TH00295,พิไล ตาคลี,มุนินทร์ จงสวัสดิ์,12.18,ธรรมดา,141.0,รับแล้ว,132.44
INT-0296,TH00296,เรณู อัศวรุ่งเรืองกิจ,มุนินทร์ ตาคลี,4.2,ด่วนพิเศษ (Express),162.0,รับแล้ว,91.0
INT-0297,TH00297,เรณู จงสวัสดิ์,พิไล บุญพูลทรัพย์ ,1.25,ด่วนพิเศษ (Express),168.7,รับแล้ว,76.25
INT-0298,TH00298,พิไล วงศ์เสวต,มุนินทร์ อัศวรุ่งเรืองกิจ,3.65,ธรรมดา,217.5,รับแล้ว,88.25
INT-0299,TH00299,มุตตา จงสวัสดิ์,มุนินทร์ จงสวัสดิ์,11.33,ด่วนพิเศษ (Express),228.7,รับแล้ว,145.64
INT-0300,TH00300,ทองดี อัศวรุ่งเรืองกิจ,เรณู จงสวัสดิ์,5.16,ด่วนพิเศษ (Express),95.8,รับแล้ว,76.28
